date,rolling_corr_36m
1962-02-28,
1962-03-31,
1962-04-30,
1962-05-31,
1962-06-30,
1962-07-31,
1962-08-31,
1962-09-30,
1962-10-31,
1962-11-30,
1962-12-31,
1963-01-31,
1963-02-28,
1963-03-31,
1963-04-30,
1963-05-31,
1963-06-30,
1963-07-31,
1963-08-31,
1963-09-30,
1963-10-31,
1963-11-30,
1963-12-31,
1964-01-31,
1964-02-29,
1964-03-31,
1964-04-30,
1964-05-31,
1964-06-30,
1964-07-31,
1964-08-31,
1964-09-30,
1964-10-31,
1964-11-30,
1964-12-31,
1965-01-31,0.22743772773733514
1965-02-28,0.22270566980488618
1965-03-31,0.2724567331519065
1965-04-30,0.2857724897422007
1965-05-31,0.2571353015560976
1965-06-30,-0.1017275320904491
1965-07-31,-0.08193946160453151
1965-08-31,-0.14763505681610456
1965-09-30,-0.17175542119826212
1965-10-31,-0.14402103959230214
1965-11-30,-0.1776126844319643
1965-12-31,-0.17594713064744982
1966-01-31,-0.18811019222360348
1966-02-28,-2.1972803429949918e-05
1966-03-31,-0.2718185886862479
1966-04-30,-0.31679195176535835
1966-05-31,-0.29619948591046785
1966-06-30,-0.25566239664569884
1966-07-31,-0.24267002279990021
1966-08-31,0.01258826864755548
1966-09-30,-0.12320608426286814
1966-10-31,-0.13001327661176149
1966-11-30,-0.16960408428985843
1966-12-31,-0.13097510024242523
1967-01-31,-0.0940316656876598
1967-02-28,-0.13055752116668926
1967-03-31,-0.09087228474822624
1967-04-30,-0.11231933648493868
1967-05-31,-0.1150520523655342
1967-06-30,-0.06370585924683687
1967-07-31,-0.05487000487339521
1967-08-31,-0.06011226569858913
1967-09-30,-0.06575749026659908
1967-10-31,-0.058411300488169636
1967-11-30,-0.04521266854534849
1967-12-31,-0.028989997407030486
1968-01-31,-0.0436557115515074
1968-02-29,-0.04654632152547356
1968-03-31,-0.028543021918844405
1968-04-30,-0.005381433948034597
1968-05-31,-0.014375523203141623
1968-06-30,0.03434692484026105
1968-07-31,0.024023590394083548
1968-08-31,0.024760307860106284
1968-09-30,0.02638107170528751
1968-10-31,0.019996429785974063
1968-11-30,0.01322248904958983
1968-12-31,-0.002171152923987293
1969-01-31,-0.004651261840922193
1969-02-28,-0.016705387169588953
1969-03-31,0.05858862008232623
1969-04-30,0.07546841753660331
1969-05-31,0.04141669355184865
1969-06-30,0.06435965956271206
1969-07-31,0.03527342514281219
1969-08-31,-0.040360405735155716
1969-09-30,0.041609314894747756
1969-10-31,0.056853643462279085
1969-11-30,0.0736372735097154
1969-12-31,0.19131308612812817
1970-01-31,0.15316545320759634
1970-02-28,0.025956169332061574
1970-03-31,-0.004193930208995134
1970-04-30,0.0732673707311832
1970-05-31,0.07184463026371092
1970-06-30,0.06333107614219738
1970-07-31,0.06158977678161608
1970-08-31,0.059327783174733514
1970-09-30,0.09766299271872393
1970-10-31,0.09996941901354209
1970-11-30,0.08936499994971059
1970-12-31,0.08331338159277091
1971-01-31,0.11741088946100223
1971-02-28,0.11507622107822005
1971-03-31,0.13092926484907258
1971-04-30,0.09307140148491998
1971-05-31,0.10698040671675083
1971-06-30,0.10610282804323648
1971-07-31,0.11004489720482698
1971-08-31,0.08402044009029634
1971-09-30,0.10076917612449501
1971-10-31,0.10061669949624363
1971-11-30,0.10967588465991991
1971-12-31,0.12030056351642109
1972-01-31,0.10032087995793176
1972-02-29,0.100701552650031
1972-03-31,0.09508052831820063
1972-04-30,0.09179452684326968
1972-05-31,0.11398527122011848
1972-06-30,0.09695371966889345
1972-07-31,0.10457220447143671
1972-08-31,0.07902910734256698
1972-09-30,0.08618543244434845
1972-10-31,0.080840835252518
1972-11-30,0.0929200673170357
1972-12-31,0.005337024420050099
1973-01-31,0.009195618441762254
1973-02-28,0.11855455069008387
1973-03-31,0.12919888233854976
1973-04-30,0.0583356359295593
1973-05-31,0.03407568385639157
1973-06-30,0.051773529361672836
1973-07-31,0.05834719142016619
1973-08-31,0.048551327274879236
1973-09-30,0.02657346983867252
1973-10-31,0.04823453276470296
1973-11-30,0.06977304750327144
1973-12-31,0.12062924101068447
1974-01-31,0.06613737177792398
1974-02-28,0.06888121698033522
1974-03-31,-0.05501148561358097
1974-04-30,0.057448605895602904
1974-05-31,0.025577707629702195
1974-06-30,0.0051015860681627246
1974-07-31,0.09420464006198988
1974-08-31,0.16194273029603595
1974-09-30,0.0321128532334976
1974-10-31,0.06276364916886892
1974-11-30,0.09090366202392013
1974-12-31,0.0047747315944087565
1975-01-31,0.004567545845714718
1975-02-28,0.03692700615966638
1975-03-31,-0.041852945001396316
1975-04-30,-0.05487436175836143
1975-05-31,0.011989006160513762
1975-06-30,0.023190761924165543
1975-07-31,0.021964215998018715
1975-08-31,0.04219097479698301
1975-09-30,0.04360805963887283
1975-10-31,0.11178725246838357
1975-11-30,0.07989480492553562
1975-12-31,0.07325344617943569
1976-01-31,0.07158440086294471
1976-02-29,0.07240429977511269
1976-03-31,0.0724244020058198
1976-04-30,0.07506280528682005
1976-05-31,0.0662358816166435
1976-06-30,0.06863929711014051
1976-07-31,0.08283521307229359
1976-08-31,0.08690971590140273
1976-09-30,0.08147414986601104
1976-10-31,0.04997369819679509
1976-11-30,0.0478240125032844
1976-12-31,0.02817519730542982
1977-01-31,0.04440664370615472
1977-02-28,0.04712573269673064
1977-03-31,0.08550954991589996
1977-04-30,0.05682487582903189
1977-05-31,0.06746108800614876
1977-06-30,0.06711158691549378
1977-07-31,-0.01447325938848835
1977-08-31,-0.057871564047046464
1977-09-30,-0.0004617677921432244
1977-10-31,0.019113987893345646
1977-11-30,0.00776359143635821
1977-12-31,0.07720019444622289
1978-01-31,0.13256310266303217
1978-02-28,0.12515567985579945
1978-03-31,0.2387091052891997
1978-04-30,0.23351839255911708
1978-05-31,0.1326847267872077
1978-06-30,0.12306231710716697
1978-07-31,0.12153721606426307
1978-08-31,0.17154667283772493
1978-09-30,0.15770491115929358
1978-10-31,0.12029019824392412
1978-11-30,0.09220766901662227
1978-12-31,0.11449363859250324
1979-01-31,0.17376388955758745
1979-02-28,0.17807781707181572
1979-03-31,0.18377300053092793
1979-04-30,0.1581908457805313
1979-05-31,0.1053633582411083
1979-06-30,0.12634058379561136
1979-07-31,0.11456874044005347
1979-08-31,0.07957523276174032
1979-09-30,0.05719549395472904
1979-10-31,0.23295417496324958
1979-11-30,0.2362558240062885
1979-12-31,0.2219112006566508
1980-01-31,0.12861023425949966
1980-02-29,-0.035407216554158474
1980-03-31,-0.07652915147896246
1980-04-30,-0.11613387219522056
1980-05-31,-0.06769648018880986
1980-06-30,-0.042729515408987666
1980-07-31,-0.07601663175861703
1980-08-31,-0.08851671666304767
1980-09-30,-0.09361950999129365
1980-10-31,-0.11195023356476785
1980-11-30,-0.11512420363656552
1980-12-31,-0.1323251660692623
1981-01-31,-0.1351843420943094
1981-02-28,-0.08903052160408118
1981-03-31,-0.07071303125017231
1981-04-30,-0.06940243646687064
1981-05-31,-0.09834972291010416
1981-06-30,-0.09737555593173801
1981-07-31,-0.062158971486728325
1981-08-31,-0.09182702909875637
1981-09-30,-0.05583990926325537
1981-10-31,-0.04969248307603193
1981-11-30,0.006120840744726987
1981-12-31,0.007706260062705933
1982-01-31,-0.002785621096750065
1982-02-28,-0.012461939264670967
1982-03-31,-0.015040930462417683
1982-04-30,0.00866993470416743
1982-05-31,0.020067394229390773
1982-06-30,0.05002400794882132
1982-07-31,0.044471852139691403
1982-08-31,0.05018000966170776
1982-09-30,0.15789862130056354
1982-10-31,0.17799358796448594
1982-11-30,0.1800089773498712
1982-12-31,0.17937379940047216
1983-01-31,0.18479924985189689
1983-02-28,0.24946966758377914
1983-03-31,0.2603783669086134
1983-04-30,0.35327862004149424
1983-05-31,0.31903620614174993
1983-06-30,0.31650966155595656
1983-07-31,0.3494266731980867
1983-08-31,0.3802809127190957
1983-09-30,0.39548876148406975
1983-10-31,0.4175432543506393
1983-11-30,0.43115996534029283
1983-12-31,0.44288742086920946
1984-01-31,0.44160975086521953
1984-02-29,0.4310486202596801
1984-03-31,0.4252556181383056
1984-04-30,0.4455673910386188
1984-05-31,0.46686209145372465
1984-06-30,0.4627770779077817
1984-07-31,0.41577459071145384
1984-08-31,0.40365497047808774
1984-09-30,0.3829489336340796
1984-10-31,0.3780608132531292
1984-11-30,0.3814333486128826
1984-12-31,0.3945404229660652
1985-01-31,0.39858590375810055
1985-02-28,0.3372903386460165
1985-03-31,0.3226983489410345
1985-04-30,0.3130912371847612
1985-05-31,0.3147857560446691
1985-06-30,0.2513995234881902
1985-07-31,0.2730512384812132
1985-08-31,0.2805656047372992
1985-09-30,0.14289688229785977
1985-10-31,0.004533424544827847
1985-11-30,0.053972905211309534
1985-12-31,0.09759356643169066
1986-01-31,0.1261845149010714
1986-02-28,0.18799512921298883
1986-03-31,0.2576363055958074
1986-04-30,0.24571142794734732
1986-05-31,0.29441259863936386
1986-06-30,0.3093168963011698
1986-07-31,0.31247685963624566
1986-08-31,0.29821583803860013
1986-09-30,0.3206455597915098
1986-10-31,0.31751615931438215
1986-11-30,0.32055565740868325
1986-12-31,0.3117089247495656
1987-01-31,0.29184503588627936
1987-02-28,0.22574814953882438
1987-03-31,0.1842417773487657
1987-04-30,0.20955978171836487
1987-05-31,0.18344491717248732
1987-06-30,0.17751406192163793
1987-07-31,0.23778520519479573
1987-08-31,0.20056134327662853
1987-09-30,0.27040085913231615
1987-10-31,0.08012924652980387
1987-11-30,0.10517113095662045
1987-12-31,0.10009785863540917
1988-01-31,0.10509764614879057
1988-02-29,0.16501044037255236
1988-03-31,0.15382615360610938
1988-04-30,0.1659097478089169
1988-05-31,0.17661699744837323
1988-06-30,0.19668483037017276
1988-07-31,0.2096976446408589
1988-08-31,0.2305808762334824
1988-09-30,0.22986088431295038
1988-10-31,0.2361260434016448
1988-11-30,0.23054053292487217
1988-12-31,0.20078814063023984
1989-01-31,0.20394255462543048
1989-02-28,0.13831627364595564
1989-03-31,0.07466068816365912
1989-04-30,0.0870963415884426
1989-05-31,0.10679145825267929
1989-06-30,0.10480814628053402
1989-07-31,0.11492710796976008
1989-08-31,0.07961268246377523
1989-09-30,0.047556457795898795
1989-10-31,0.041716378944419055
1989-11-30,0.027093899518367093
1989-12-31,0.025551561569952922
1990-01-31,0.047789913484837916
1990-02-28,0.04874037878757658
1990-03-31,0.06587839136634463
1990-04-30,0.050891424495716105
1990-05-31,0.07347968977120967
1990-06-30,0.07353420393396969
1990-07-31,0.08720420169669646
1990-08-31,0.20616268668541268
1990-09-30,0.16894491627310265
1990-10-31,0.4193096024253959
1990-11-30,0.48367827269937674
1990-12-31,0.505471196840308
1991-01-31,0.4782608175519485
1991-02-28,0.41174553843286216
1991-03-31,0.4448765632091332
1991-04-30,0.43479137094617837
1991-05-31,0.41492771825618074
1991-06-30,0.38748092575591914
1991-07-31,0.37974868104355136
1991-08-31,0.3755925174000784
1991-09-30,0.353705702004958
1991-10-31,0.3449247541037129
1991-11-30,0.3111616949842605
1991-12-31,0.28853363418340533
1992-01-31,0.14161470104253016
1992-02-29,0.16565662923376803
1992-03-31,0.1814164420232822
1992-04-30,0.17093760416389503
1992-05-31,0.148678674883993
1992-06-30,0.10912061530145424
1992-07-31,0.1053094725272257
1992-08-31,0.16931545710580792
1992-09-30,0.16445414940292494
1992-10-31,0.19492315677627342
1992-11-30,0.18865566921774457
1992-12-31,0.20935232373116028
1993-01-31,0.1584464106973095
1993-02-28,0.14929200398103168
1993-03-31,0.1590031037375392
1993-04-30,0.15799827986807383
1993-05-31,0.1291967446577999
1993-06-30,0.12005845046706248
1993-07-31,0.12262332042352038
1993-08-31,-0.057982757893324965
1993-09-30,-0.07577100072733216
1993-10-31,-0.06413574085007362
1993-11-30,-0.054589774026676884
1993-12-31,-0.07168896621196326
1994-01-31,-0.07213248555938909
1994-02-28,-0.0291839521582978
1994-03-31,0.07265019860320342
1994-04-30,0.13731301583187341
1994-05-31,0.13178891573468515
1994-06-30,0.1234060939284048
1994-07-31,0.10893462008277072
1994-08-31,0.06191464792925608
1994-09-30,0.07981139836792611
1994-10-31,0.0908213121608105
1994-11-30,0.09983875623451387
1994-12-31,0.09032194381254109
1995-01-31,0.4401671744954366
1995-02-28,0.4914872224088168
1995-03-31,0.46658447519860147
1995-04-30,0.46714675748125883
1995-05-31,0.508579112782034
1995-06-30,0.5419211795634654
1995-07-31,0.4767379218641775
1995-08-31,0.4705332678036979
1995-09-30,0.48560625454072553
1995-10-31,0.44960646043379127
1995-11-30,0.4833827709232924
1995-12-31,0.4766998278912269
1996-01-31,0.5056422194441846
1996-02-29,0.2990472591462066
1996-03-31,0.31070357028989504
1996-04-30,0.32926982331894644
1996-05-31,0.3141147661877415
1996-06-30,0.33155232025928494
1996-07-31,0.3157214652375455
1996-08-31,0.2993218316403221
1996-09-30,0.3053799395540042
1996-10-31,0.3410286008919141
1996-11-30,0.36055808133754735
1996-12-31,0.35820890648322995
1997-01-31,0.348451254511951
1997-02-28,0.3187502122336421
1997-03-31,0.2836340107705396
1997-04-30,0.16253367394055665
1997-05-31,0.1492310518328463
1997-06-30,0.15894944294300903
1997-07-31,0.24053174529236052
1997-08-31,0.2620294902909071
1997-09-30,0.23838093817731557
1997-10-31,0.21076290584227259
1997-11-30,0.20311774783814618
1997-12-31,0.2106576543152825
1998-01-31,0.19469517598952657
1998-02-28,0.1477697549651425
1998-03-31,0.13366896969401035
1998-04-30,0.12877199104550538
1998-05-31,0.10236025117698541
1998-06-30,0.08947062598996444
1998-07-31,0.09690097495521814
1998-08-31,-0.05480306304471422
1998-09-30,-0.18097795936617178
1998-10-31,-0.17229868841548918
1998-11-30,-0.19716162761390066
1998-12-31,-0.19944576078203438
1999-01-31,-0.20449221364134545
1999-02-28,-0.09783241871379005
1999-03-31,-0.11568741026794416
1999-04-30,-0.14963897406651022
1999-05-31,-0.12483264581968484
1999-06-30,-0.10441147942609509
1999-07-31,-0.13390971145444575
1999-08-31,-0.10999524248216336
1999-09-30,-0.11373152572778913
1999-10-31,-0.12289146113374999
1999-11-30,-0.1766104489840581
1999-12-31,-0.19575820394577303
2000-01-31,-0.17528110399178165
2000-02-29,-0.2013440911200093
2000-03-31,-0.20493062945706567
2000-04-30,-0.17728147455535576
2000-05-31,-0.18136248838768937
2000-06-30,-0.18694377107804894
2000-07-31,-0.2691203305918755
2000-08-31,-0.288867012926415
2000-09-30,-0.28027077034018794
2000-10-31,-0.2809097021951225
2000-11-30,-0.29621683911556057
2000-12-31,-0.3354451247906657
2001-01-31,-0.3312050372966588
2001-02-28,-0.3406587507000673
2001-03-31,-0.2994769440567357
2001-04-30,-0.2873928137825406
2001-05-31,-0.2906032895036019
2001-06-30,-0.28868979220871244
2001-07-31,-0.3043867036858403
2001-08-31,-0.2491275211491575
2001-09-30,-0.23631975150436962
2001-10-31,-0.20255975348508778
2001-11-30,-0.24166960015162658
2001-12-31,-0.2626782482389497
2002-01-31,-0.26930205232573434
2002-02-28,-0.3095128803062402
2002-03-31,-0.36651122356645804
2002-04-30,-0.3777562208046953
2002-05-31,-0.3819652949916414
2002-06-30,-0.40309314111535127
2002-07-31,-0.4364235705351791
2002-08-31,-0.4199813577082427
2002-09-30,-0.44140007866992675
2002-10-31,-0.43062967913084255
2002-11-30,-0.4480766255060799
2002-12-31,-0.42322110611803765
2003-01-31,-0.42355955638117154
2003-02-28,-0.4352916638981883
2003-03-31,-0.4998716319590195
2003-04-30,-0.49427286617530936
2003-05-31,-0.40688551365771947
2003-06-30,-0.44972605826463785
2003-07-31,-0.410952525964974
2003-08-31,-0.42534995906093576
2003-09-30,-0.3783038377889072
2003-10-31,-0.39516271820045334
2003-11-30,-0.39796348784266145
2003-12-31,-0.3820277043413799
2004-01-31,-0.366202587593675
2004-02-29,-0.3566342423063617
2004-03-31,-0.38572878649604614
2004-04-30,-0.38034474333019413
2004-05-31,-0.3708010123873895
2004-06-30,-0.36926738455602653
2004-07-31,-0.36183384375464306
2004-08-31,-0.3603842444795737
2004-09-30,-0.3473061487146945
2004-10-31,-0.371854352021616
2004-11-30,-0.35913889699576246
2004-12-31,-0.3479005944240655
2005-01-31,-0.35001562510524686
2005-02-28,-0.3456294304102703
2005-03-31,-0.3027652674552991
2005-04-30,-0.2966923103496388
2005-05-31,-0.29386063752439756
2005-06-30,-0.27536560917243225
2005-07-31,-0.22214811364058049
2005-08-31,-0.23105291692800004
2005-09-30,-0.1412103026899586
2005-10-31,-0.1369251993431056
2005-11-30,-0.080926732199791
2005-12-31,-0.0482818945544708
2006-01-31,-0.05773097232701508
2006-02-28,0.033510510753690784
2006-03-31,0.03131868503788
2006-04-30,0.041464493796894424
2006-05-31,-0.06490106722286956
2006-06-30,-0.04110178278454392
2006-07-31,-0.06255687705795689
2006-08-31,-0.037012361170807875
2006-09-30,-0.09946346235783873
2006-10-31,-0.06825467250238326
2006-11-30,-0.057127246365169554
2006-12-31,-0.08537037529135476
2007-01-31,-0.12316136257778859
2007-02-28,-0.11017158297638259
2007-03-31,-0.07133988065509099
2007-04-30,-0.06484177615266691
2007-05-31,-0.14209235847894214
2007-06-30,-0.14370067857192664
2007-07-31,-0.12410607296616186
2007-08-31,-0.14594726064926924
2007-09-30,-0.15111423440546776
2007-10-31,-0.1264808109026829
2007-11-30,-0.21982082251769097
2007-12-31,-0.23841538267721943
2008-01-31,-0.33171565420056986
2008-02-29,-0.3332589795300144
2008-03-31,-0.34439487049469203
2008-04-30,-0.35960882114639947
2008-05-31,-0.38726764062801994
2008-06-30,-0.39284057210467
2008-07-31,-0.3561025050222215
2008-08-31,-0.3465920996235654
2008-09-30,-0.3377707140573629
2008-10-31,-0.13796953852699687
2008-11-30,-0.301587789652438
2008-12-31,-0.2812763735982842
2009-01-31,-0.24896977908120804
2009-02-28,-0.2188762567822112
2009-03-31,-0.22447780269331624
2009-04-30,-0.3052212694997792
2009-05-31,-0.3356100497321694
2009-06-30,-0.3426737809166502
2009-07-31,-0.34636913495498073
2009-08-31,-0.3362227340487649
2009-09-30,-0.3347367090705023
2009-10-31,-0.340640935631206
2009-11-30,-0.33787024936977755
2009-12-31,-0.3367334263901545
2010-01-31,-0.3285818598042526
2010-02-28,-0.33765826392042675
2010-03-31,-0.3577259474325699
2010-04-30,-0.3487809593875057
2010-05-31,-0.35632966776397845
2010-06-30,-0.36311367513000803
2010-07-31,-0.3686242294275906
2010-08-31,-0.3458793766422421
2010-09-30,-0.34646686581692476
2010-10-31,-0.3575065344583368
2010-11-30,-0.34537659742276916
2010-12-31,-0.35940507221033846
2011-01-31,-0.34156328814652537
2011-02-28,-0.33822456115858984
2011-03-31,-0.33495084006177084
2011-04-30,-0.31696212138519325
2011-05-31,-0.3065676013906945
2011-06-30,-0.2944688197854171
2011-07-31,-0.2838180480694503
2011-08-31,-0.3455379859743789
2011-09-30,-0.35496783911409524
2011-10-31,-0.5303541676489245
2011-11-30,-0.4363383895488689
2011-12-31,-0.4401262946883818
2012-01-31,-0.5070329733123823
2012-02-29,-0.5827830337129088
2012-03-31,-0.5625208966670824
2012-04-30,-0.5092070163988616
2012-05-31,-0.5038476572744733
2012-06-30,-0.48601880821855503
2012-07-31,-0.4781607551527241
2012-08-31,-0.5248209596833998
2012-09-30,-0.5360947861521506
2012-10-31,-0.5258688534231193
2012-11-30,-0.5314403125394555
2012-12-31,-0.5647354519553945
2013-01-31,-0.5849886024970702
2013-02-28,-0.5941554374092646
2013-03-31,-0.574202056076051
2013-04-30,-0.5896563378779044
2013-05-31,-0.5767174322839589
2013-06-30,-0.49186839903731283
2013-07-31,-0.495470014254325
2013-08-31,-0.4989834711264895
2013-09-30,-0.496527945904569
2013-10-31,-0.48970927987396756
2013-11-30,-0.49565577722056287
2013-12-31,-0.47366434889785314
2014-01-31,-0.45504911908143025
2014-02-28,-0.4546176421913069
2014-03-31,-0.46880428662761375
2014-04-30,-0.478324211984646
2014-05-31,-0.4748041142768279
2014-06-30,-0.5318038325362819
2014-07-31,-0.5811768550184382
2014-08-31,-0.43652732464132854
2014-09-30,-0.40235374269869006
2014-10-31,-0.4137117232901046
2014-11-30,-0.34155204998249306
2014-12-31,-0.3455956995271465
2015-01-31,-0.41561947290391
2015-02-28,-0.4149319149295424
2015-03-31,-0.4036604514462912
2015-04-30,-0.38625690222326836
2015-05-31,-0.3099549976904658
2015-06-30,-0.29177953102694265
2015-07-31,-0.33016491123113406
2015-08-31,-0.3148768787337984
2015-09-30,-0.33651714609608885
2015-10-31,-0.35013510630653477
2015-11-30,-0.3396226782047957
2015-12-31,-0.3216160169306863
2016-01-31,-0.3787984111874617
2016-02-29,-0.4020556992270348
2016-03-31,-0.39317885583920714
2016-04-30,-0.4033277773084129
2016-05-31,-0.34732117806272916
2016-06-30,-0.396528229903542
2016-07-31,-0.38284616454768144
2016-08-31,-0.3977771611971511
2016-09-30,-0.39547873146164136
2016-10-31,-0.36657384654024155
2016-11-30,-0.3201573362876131
2016-12-31,-0.3261892222340217
2017-01-31,-0.3454317414519255
2017-02-28,-0.33470628282336634
2017-03-31,-0.3311786494628811
2017-04-30,-0.33374211825987005
2017-05-31,-0.34082725548678366
2017-06-30,-0.3412883157791704
2017-07-31,-0.3397142729184651
2017-08-31,-0.33271036586479713
2017-09-30,-0.3315138376967653
2017-10-31,-0.3116363527770828
2017-11-30,-0.3890131192846331
2017-12-31,-0.38130208004520116
2018-01-31,-0.4062648788822415
2018-02-28,-0.3402690864143099
2018-03-31,-0.34139709776729027
2018-04-30,-0.30100276123027153
2018-05-31,-0.2871532813021671
2018-06-30,-0.31314161790440015
2018-07-31,-0.30866991447468256
2018-08-31,-0.3000940444754823
2018-09-30,-0.2587048786720617
2018-10-31,-0.20632402591816382
2018-11-30,-0.23249756608947128
2018-12-31,-0.33900237307785447
2019-01-31,-0.21748976712303592
2019-02-28,-0.21020663539977066
2019-03-31,-0.1871448538123026
2019-04-30,-0.19583726257553197
2019-05-31,-0.24696398333829567
2019-06-30,-0.2539363268843882
2019-07-31,-0.2599062008409766
2019-08-31,-0.35177590504593165
2019-09-30,-0.3690133958438843
2019-10-31,-0.40017461477729177
2019-11-30,-0.4573765476069523
2019-12-31,-0.45651579124776887
2020-01-31,-0.3727900142082053
2020-02-29,-0.38292353119719785
2020-03-31,-0.4680935822764176
2020-04-30,-0.4606088456050045
2020-05-31,-0.46118676042021683
2020-06-30,-0.45876663711389765
2020-07-31,-0.45137810643243853
2020-08-31,-0.4679292553996618
2020-09-30,-0.472250367802842
2020-10-31,-0.46578678128406775
2020-11-30,-0.463254581506741
2020-12-31,-0.4697761573393898
2021-01-31,-0.45619130190402785
2021-02-28,-0.4845366960386384
2021-03-31,-0.462130828455285
2021-04-30,-0.47990629921540945
2021-05-31,-0.48261082966612767
2021-06-30,-0.47973534604640417
2021-07-31,-0.46975434756160317
2021-08-31,-0.4724736015295313
2021-09-30,-0.4564184932454022
2021-10-31,-0.4886815358979833
2021-11-30,-0.4727258836374546
2021-12-31,-0.42860891537377543
2022-01-31,-0.37611389497020026
2022-02-28,-0.35144093248951835
2022-03-31,-0.301883016744594
2022-04-30,-0.2533641161761853
2022-05-31,-0.23265484546015705
2022-06-30,-0.21867329862356066
2022-07-31,-0.21881954397063327
2022-08-31,-0.22371518611529267
2022-09-30,-0.06918630746269318
2022-10-31,-0.04799695842472507
2022-11-30,0.001881399061225598
2022-12-31,0.007536530965324264
2023-01-31,-0.012810137937210541
2023-02-28,-0.022942627126446385
2023-03-31,0.21760053076054267
2023-04-30,0.21543761536181366
2023-05-31,0.21216556603636652
2023-06-30,0.19302470165417412
2023-07-31,0.17324795753278394
2023-08-31,0.19115459623018724
2023-09-30,0.18723070394514407
